'Configuration Parameter:;"Decimal separator: , List separator: ; ";Layout Version V6.2;WinCC Version V6.2.0.1
'Var Version V1.0;
'Varname;Conn;Group;Spec;Flag;CTyp;CLen;CPro;CFor;P1;P2;P3;P4;P5;P6;L1;L2;L3;L4;L5;L6;L7;L8;LF1;LF2;LF3;LF4;SCF;SPU;SPO;SVU;SVO;Creator-ID
@SCRIPT_COUNT_TAGS;*;Script;*;0;7;4;8194;0;0;0;0;0;0;0;0;0;0;0;0;0;0;0;0;0;0;0;0;0;0;0;0;0
@SCRIPT_COUNT_REQUESTS_IN_QUEUES;*;Script;*;0;7;4;8194;0;0;0;0;0;0;0;0;0;0;0;0;0;0;0;0;0;0;0;0;0;0;0;0;0
@SCRIPT_COUNT_ACTIONS_IN_QUEUES;*;Script;*;0;7;4;8194;0;0;0;0;0;0;0;0;0;0;0;0;0;0;0;0;0;0;0;0;0;0;0;0;0
@TLGRT_SIZEOF_NOTIFY_QUEUE;*;TagLoggingRt;*;0;9;8;2;0;0;0;0;0;0;0;0;0;0;0;0;0;0;0;0;0;0;0;0;0;0;0;0;0
@TLGRT_SIZEOF_NLL_INPUT_QUEUE;*;TagLoggingRt;*;0;9;8;2;0;0;0;0;0;0;0;0;0;0;0;0;0;0;0;0;0;0;0;0;0;0;0;0;0
@TLGRT_TAGS_PER_SECOND;*;TagLoggingRt;*;0;9;8;2;0;0;0;0;0;0;0;0;0;0;0;0;0;0;0;0;0;0;0;0;0;0;0;0;0
@TLGRT_AVERAGE_TAGS_PER_SECOND;*;TagLoggingRt;*;0;9;8;2;0;0;0;0;0;0;0;0;0;0;0;0;0;0;0;0;0;0;0;0;0;0;0;0;0
@CurrentUser;*;*;*;0;10;0;8194;0;0;0;0;0;0;0;0;0;0;0;0;0;0;0;0;0;0;0;0;0;0;0;0;0
@DeltaLoaded;*;*;*;0;7;4;2;0;0;0;0;0;0;0;0;0;0;0;0;0;0;0;0;0;0;0;0;0;0;0;0;0
@LocalMachineName;*;*;*;0;10;0;8194;0;0;0;0;0;0;0;0;0;0;0;0;0;0;0;0;0;0;0;0;0;0;0;0;0
@ConnectedRTClients;*;*;*;0;5;2;8194;0;0;0;0;0;0;0;0;0;0;0;0;0;0;0;0;0;0;0;0;0;0;0;0;0
@RedundantServerState;*;*;*;0;5;2;8194;0;0;0;0;0;0;0;0;0;0;0;0;0;0;0;0;0;0;0;0;0;0;0;0;0
@DatasourceNameRT;*;*;*;0;11;0;8194;0;0;0;0;0;0;0;0;0;0;0;0;0;0;0;0;0;0;0;0;0;0;0;0;0
@ServerName;*;*;*;0;11;0;2;0;0;0;0;0;0;0;0;0;0;0;0;0;0;0;0;0;0;0;0;0;0;0;0;0
@CurrentUserName;*;*;*;0;11;0;8194;0;0;0;0;0;0;0;0;0;0;0;0;0;0;0;0;0;0;0;0;0;0;0;0;0
iToogleFlag;WuekroSPS;FromPLC;"DB10,D0.0";0;1;1;4;0;0;0;0;0;0;0;0;0;0;0;0;0;0;0;0;0;0;0;0;0;0;0;0;0
iMessungAktiv;WuekroSPS;FromPLC;"DB10,D0.1";0;1;1;4;0;0;0;0;0;0;0;0;0;0;0;0;0;0;0;0;0;0;0;0;0;0;0;0;0
oStartMessung;WuekroSPS;ToPLC;"DB10,D2.0";0;1;1;4;0;0;0;0;0;0;0;0;0;0;0;0;0;0;0;0;0;0;0;0;0;0;0;0;0
oReset;WuekroSPS;ToPLC;"DB10,D2.1";0;1;1;4;0;0;0;0;0;0;0;0;0;0;0;0;0;0;0;0;0;0;0;0;0;0;0;0;0
iStep1Active;WuekroSPS;FromPLC;"DB10,D1.0";0;1;1;4;0;0;0;0;0;0;0;0;0;0;0;0;0;0;0;0;0;0;0;0;0;0;0;0;0
iStep2Active;WuekroSPS;FromPLC;"DB10,D1.1";0;1;1;4;0;0;0;0;0;0;0;0;0;0;0;0;0;0;0;0;0;0;0;0;0;0;0;0;0
iStep3Active;WuekroSPS;FromPLC;"DB10,D1.2";0;1;1;4;0;0;0;0;0;0;0;0;0;0;0;0;0;0;0;0;0;0;0;0;0;0;0;0;0
iStep4Active;WuekroSPS;FromPLC;"DB10,D1.3";0;1;1;4;0;0;0;0;0;0;0;0;0;0;0;0;0;0;0;0;0;0;0;0;0;0;0;0;0
iStep5Active;WuekroSPS;FromPLC;"DB10,D1.4";0;1;1;4;0;0;0;0;0;0;0;0;0;0;0;0;0;0;0;0;0;0;0;0;0;0;0;0;0
VelocityValue_1;WuekroSPS;FromPLC;"DB10,DW4";0;4;2;4;0;0;0;0;0;0;0;0;0;0;0;0;0;0;0;0;0;0;0;0;0;0;0;0;0
VelocityValue_2;WuekroSPS;FromPLC;"DB10,DW6";0;4;2;4;0;0;0;0;0;0;0;0;0;0;0;0;0;0;0;0;0;0;0;0;0;0;0;0;0
VelocityValue_3;WuekroSPS;FromPLC;"DB10,DW8";0;4;2;4;0;0;0;0;0;0;0;0;0;0;0;0;0;0;0;0;0;0;0;0;0;0;0;0;0
VelocityValue_4;WuekroSPS;FromPLC;"DB10,DW10";0;4;2;4;0;0;0;0;0;0;0;0;0;0;0;0;0;0;0;0;0;0;0;0;0;0;0;0;0
CalcDistanceCovered;WuekroSPS;FromPLC;"DB10,DD404";0;8;4;4;0;0;0;0;0;0;0;0;0;0;0;0;0;0;0;0;0;0;0;0;0;0;0;0;0
oSystemOn_Off;WuekroSPS;ToPLC;"DB10,D2.2";0;1;1;4;0;0;0;0;0;0;0;0;0;0;0;0;0;0;0;0;0;0;0;0;0;0;0;0;0
oSimulation;WuekroSPS;ToPLC;"DB10,D2.4";0;1;1;4;0;0;0;0;0;0;0;0;0;0;0;0;0;0;0;0;0;0;0;0;0;0;0;0;0
iSystemIsOn;WuekroSPS;FromPLC;"DB10,D0.2";0;1;1;4;0;0;0;0;0;0;0;0;0;0;0;0;0;0;0;0;0;0;0;0;0;0;0;0;0
iSimulationIsOn;WuekroSPS;FromPLC;"DB10,D0.3";0;1;1;4;0;0;0;0;0;0;0;0;0;0;0;0;0;0;0;0;0;0;0;0;0;0;0;0;0
iResetAktiv;WuekroSPS;FromPLC;"DB10,D0.4";0;1;1;4;0;0;0;0;0;0;0;0;0;0;0;0;0;0;0;0;0;0;0;0;0;0;0;0;0
oMeasureTime;WuekroSPS;ToPLC;"DB10,DD408";0;8;4;4;0;0;0;0;0;0;0;0;0;0;0;0;0;0;0;0;0;0;0;0;0;0;0;0;0
VelocityValue_5;WuekroSPS;FromPLC;"DB10,DW12";0;4;2;4;0;0;0;0;0;0;0;0;0;0;0;0;0;0;0;0;0;0;0;0;0;0;0;0;0
VelocityValue_6;WuekroSPS;FromPLC;"DB10,DW14";0;4;2;4;0;0;0;0;0;0;0;0;0;0;0;0;0;0;0;0;0;0;0;0;0;0;0;0;0
VelocityValue_7;WuekroSPS;FromPLC;"DB10,DW16";0;4;2;4;0;0;0;0;0;0;0;0;0;0;0;0;0;0;0;0;0;0;0;0;0;0;0;0;0
VelocityValue_8;WuekroSPS;FromPLC;"DB10,DW18";0;4;2;4;0;0;0;0;0;0;0;0;0;0;0;0;0;0;0;0;0;0;0;0;0;0;0;0;0
VelocityValue_9;WuekroSPS;FromPLC;"DB10,DW20";0;4;2;4;0;0;0;0;0;0;0;0;0;0;0;0;0;0;0;0;0;0;0;0;0;0;0;0;0
VelocityValue_10;WuekroSPS;FromPLC;"DB10,DW22";0;4;2;4;0;0;0;0;0;0;0;0;0;0;0;0;0;0;0;0;0;0;0;0;0;0;0;0;0
VelocityValue_11;WuekroSPS;FromPLC;"DB10,DW24";0;4;2;4;0;0;0;0;0;0;0;0;0;0;0;0;0;0;0;0;0;0;0;0;0;0;0;0;0
VelocityValue_12;WuekroSPS;FromPLC;"DB10,DW26";0;4;2;4;0;0;0;0;0;0;0;0;0;0;0;0;0;0;0;0;0;0;0;0;0;0;0;0;0
VelocityValue_13;WuekroSPS;FromPLC;"DB10,DW28";0;4;2;4;0;0;0;0;0;0;0;0;0;0;0;0;0;0;0;0;0;0;0;0;0;0;0;0;0
VelocityValue_14;WuekroSPS;FromPLC;"DB10,DW30";0;4;2;4;0;0;0;0;0;0;0;0;0;0;0;0;0;0;0;0;0;0;0;0;0;0;0;0;0
VelocityValue_15;WuekroSPS;FromPLC;"DB10,DW32";0;4;2;4;0;0;0;0;0;0;0;0;0;0;0;0;0;0;0;0;0;0;0;0;0;0;0;0;0
VelocityValue_16;WuekroSPS;FromPLC;"DB10,DW34";0;4;2;4;0;0;0;0;0;0;0;0;0;0;0;0;0;0;0;0;0;0;0;0;0;0;0;0;0
VelocityValue_17;WuekroSPS;FromPLC;"DB10,DW36";0;4;2;4;0;0;0;0;0;0;0;0;0;0;0;0;0;0;0;0;0;0;0;0;0;0;0;0;0
VelocityValue_18;WuekroSPS;FromPLC;"DB10,DW38";0;4;2;4;0;0;0;0;0;0;0;0;0;0;0;0;0;0;0;0;0;0;0;0;0;0;0;0;0
VelocityValue_19;WuekroSPS;FromPLC;"DB10,DW40";0;4;2;4;0;0;0;0;0;0;0;0;0;0;0;0;0;0;0;0;0;0;0;0;0;0;0;0;0
VelocityValue_20;WuekroSPS;FromPLC;"DB10,DW42";0;4;2;4;0;0;0;0;0;0;0;0;0;0;0;0;0;0;0;0;0;0;0;0;0;0;0;0;0
VelocityValue_21;WuekroSPS;FromPLC;"DB10,DW44";0;4;2;4;0;0;0;0;0;0;0;0;0;0;0;0;0;0;0;0;0;0;0;0;0;0;0;0;0
VelocityValue_22;WuekroSPS;FromPLC;"DB10,DW46";0;4;2;4;0;0;0;0;0;0;0;0;0;0;0;0;0;0;0;0;0;0;0;0;0;0;0;0;0
VelocityValue_23;WuekroSPS;FromPLC;"DB10,DW48";0;4;2;4;0;0;0;0;0;0;0;0;0;0;0;0;0;0;0;0;0;0;0;0;0;0;0;0;0
VelocityValue_24;WuekroSPS;FromPLC;"DB10,DW50";0;4;2;4;0;0;0;0;0;0;0;0;0;0;0;0;0;0;0;0;0;0;0;0;0;0;0;0;0
VelocityValue_25;WuekroSPS;FromPLC;"DB10,DW52";0;4;2;4;0;0;0;0;0;0;0;0;0;0;0;0;0;0;0;0;0;0;0;0;0;0;0;0;0
VelocityValue_26;WuekroSPS;FromPLC;"DB10,DW54";0;4;2;4;0;0;0;0;0;0;0;0;0;0;0;0;0;0;0;0;0;0;0;0;0;0;0;0;0
VelocityValue_27;WuekroSPS;FromPLC;"DB10,DW56";0;4;2;4;0;0;0;0;0;0;0;0;0;0;0;0;0;0;0;0;0;0;0;0;0;0;0;0;0
VelocityValue_28;WuekroSPS;FromPLC;"DB10,DW58";0;4;2;4;0;0;0;0;0;0;0;0;0;0;0;0;0;0;0;0;0;0;0;0;0;0;0;0;0
VelocityValue_29;WuekroSPS;FromPLC;"DB10,DW60";0;4;2;4;0;0;0;0;0;0;0;0;0;0;0;0;0;0;0;0;0;0;0;0;0;0;0;0;0
VelocityValue_30;WuekroSPS;FromPLC;"DB10,DW62";0;4;2;4;0;0;0;0;0;0;0;0;0;0;0;0;0;0;0;0;0;0;0;0;0;0;0;0;0
VelocityValue_31;WuekroSPS;FromPLC;"DB10,DW64";0;4;2;4;0;0;0;0;0;0;0;0;0;0;0;0;0;0;0;0;0;0;0;0;0;0;0;0;0
VelocityValue_32;WuekroSPS;FromPLC;"DB10,DW66";0;4;2;4;0;0;0;0;0;0;0;0;0;0;0;0;0;0;0;0;0;0;0;0;0;0;0;0;0
VelocityValue_33;WuekroSPS;FromPLC;"DB10,DW68";0;4;2;4;0;0;0;0;0;0;0;0;0;0;0;0;0;0;0;0;0;0;0;0;0;0;0;0;0
VelocityValue_34;WuekroSPS;FromPLC;"DB10,DW70";0;4;2;4;0;0;0;0;0;0;0;0;0;0;0;0;0;0;0;0;0;0;0;0;0;0;0;0;0
VelocityValue_35;WuekroSPS;FromPLC;"DB10,DW72";0;4;2;4;0;0;0;0;0;0;0;0;0;0;0;0;0;0;0;0;0;0;0;0;0;0;0;0;0
VelocityValue_36;WuekroSPS;FromPLC;"DB10,DW74";0;4;2;4;0;0;0;0;0;0;0;0;0;0;0;0;0;0;0;0;0;0;0;0;0;0;0;0;0
VelocityValue_37;WuekroSPS;FromPLC;"DB10,DW76";0;4;2;4;0;0;0;0;0;0;0;0;0;0;0;0;0;0;0;0;0;0;0;0;0;0;0;0;0
VelocityValue_38;WuekroSPS;FromPLC;"DB10,DW78";0;4;2;4;0;0;0;0;0;0;0;0;0;0;0;0;0;0;0;0;0;0;0;0;0;0;0;0;0
VelocityValue_39;WuekroSPS;FromPLC;"DB10,DW80";0;4;2;4;0;0;0;0;0;0;0;0;0;0;0;0;0;0;0;0;0;0;0;0;0;0;0;0;0
VelocityValue_40;WuekroSPS;FromPLC;"DB10,DW82";0;4;2;4;0;0;0;0;0;0;0;0;0;0;0;0;0;0;0;0;0;0;0;0;0;0;0;0;0
VelocityValue_41;WuekroSPS;FromPLC;"DB10,DW84";0;4;2;4;0;0;0;0;0;0;0;0;0;0;0;0;0;0;0;0;0;0;0;0;0;0;0;0;0
VelocityValue_42;WuekroSPS;FromPLC;"DB10,DW86";0;4;2;4;0;0;0;0;0;0;0;0;0;0;0;0;0;0;0;0;0;0;0;0;0;0;0;0;0
VelocityValue_43;WuekroSPS;FromPLC;"DB10,DW88";0;4;2;4;0;0;0;0;0;0;0;0;0;0;0;0;0;0;0;0;0;0;0;0;0;0;0;0;0
VelocityValue_44;WuekroSPS;FromPLC;"DB10,DW90";0;4;2;4;0;0;0;0;0;0;0;0;0;0;0;0;0;0;0;0;0;0;0;0;0;0;0;0;0
VelocityValue_45;WuekroSPS;FromPLC;"DB10,DW92";0;4;2;4;0;0;0;0;0;0;0;0;0;0;0;0;0;0;0;0;0;0;0;0;0;0;0;0;0
VelocityValue_46;WuekroSPS;FromPLC;"DB10,DW94";0;4;2;4;0;0;0;0;0;0;0;0;0;0;0;0;0;0;0;0;0;0;0;0;0;0;0;0;0
VelocityValue_47;WuekroSPS;FromPLC;"DB10,DW96";0;4;2;4;0;0;0;0;0;0;0;0;0;0;0;0;0;0;0;0;0;0;0;0;0;0;0;0;0
VelocityValue_48;WuekroSPS;FromPLC;"DB10,DW98";0;4;2;4;0;0;0;0;0;0;0;0;0;0;0;0;0;0;0;0;0;0;0;0;0;0;0;0;0
VelocityValue_49;WuekroSPS;FromPLC;"DB10,DW100";0;4;2;4;0;0;0;0;0;0;0;0;0;0;0;0;0;0;0;0;0;0;0;0;0;0;0;0;0
VelocityValue_50;WuekroSPS;FromPLC;"DB10,DW102";0;4;2;4;0;0;0;0;0;0;0;0;0;0;0;0;0;0;0;0;0;0;0;0;0;0;0;0;0
VelocityValue_51;WuekroSPS;FromPLC;"DB10,DW104";0;4;2;4;0;0;0;0;0;0;0;0;0;0;0;0;0;0;0;0;0;0;0;0;0;0;0;0;0
VelocityValue_52;WuekroSPS;FromPLC;"DB10,DW106";0;4;2;4;0;0;0;0;0;0;0;0;0;0;0;0;0;0;0;0;0;0;0;0;0;0;0;0;0
VelocityValue_53;WuekroSPS;FromPLC;"DB10,DW108";0;4;2;4;0;0;0;0;0;0;0;0;0;0;0;0;0;0;0;0;0;0;0;0;0;0;0;0;0
VelocityValue_54;WuekroSPS;FromPLC;"DB10,DW110";0;4;2;4;0;0;0;0;0;0;0;0;0;0;0;0;0;0;0;0;0;0;0;0;0;0;0;0;0
VelocityValue_55;WuekroSPS;FromPLC;"DB10,DW112";0;4;2;4;0;0;0;0;0;0;0;0;0;0;0;0;0;0;0;0;0;0;0;0;0;0;0;0;0
VelocityValue_56;WuekroSPS;FromPLC;"DB10,DW114";0;4;2;4;0;0;0;0;0;0;0;0;0;0;0;0;0;0;0;0;0;0;0;0;0;0;0;0;0
VelocityValue_57;WuekroSPS;FromPLC;"DB10,DW116";0;4;2;4;0;0;0;0;0;0;0;0;0;0;0;0;0;0;0;0;0;0;0;0;0;0;0;0;0
VelocityValue_58;WuekroSPS;FromPLC;"DB10,DW118";0;4;2;4;0;0;0;0;0;0;0;0;0;0;0;0;0;0;0;0;0;0;0;0;0;0;0;0;0
VelocityValue_59;WuekroSPS;FromPLC;"DB10,DW120";0;4;2;4;0;0;0;0;0;0;0;0;0;0;0;0;0;0;0;0;0;0;0;0;0;0;0;0;0
VelocityValue_60;WuekroSPS;FromPLC;"DB10,DW122";0;4;2;4;0;0;0;0;0;0;0;0;0;0;0;0;0;0;0;0;0;0;0;0;0;0;0;0;0
oNoReceivedValues;WuekroSPS;FromPLC;"DB10,DW420";0;4;2;4;0;0;0;0;0;0;0;0;0;0;0;0;0;0;0;0;0;0;0;0;0;0;0;0;0
oToggleFlag;WuekroSPS;ToPLC;"DB10,D2.7";0;1;1;4;0;0;0;0;0;0;0;0;0;0;0;0;0;0;0;0;0;0;0;0;0;0;0;0;0
VelocityValue_61;WuekroSPS;FromPLC;"DB10,DW124";0;4;2;4;0;0;0;0;0;0;0;0;0;0;0;0;0;0;0;0;0;0;0;0;0;0;0;0;0
VelocityValue_62;WuekroSPS;FromPLC;"DB10,DW126";0;4;2;4;0;0;0;0;0;0;0;0;0;0;0;0;0;0;0;0;0;0;0;0;0;0;0;0;0
VelocityValue_63;WuekroSPS;FromPLC;"DB10,DW128";0;4;2;4;0;0;0;0;0;0;0;0;0;0;0;0;0;0;0;0;0;0;0;0;0;0;0;0;0
VelocityValue_64;WuekroSPS;FromPLC;"DB10,DW130";0;4;2;4;0;0;0;0;0;0;0;0;0;0;0;0;0;0;0;0;0;0;0;0;0;0;0;0;0
VelocityValue_65;WuekroSPS;FromPLC;"DB10,DW132";0;4;2;4;0;0;0;0;0;0;0;0;0;0;0;0;0;0;0;0;0;0;0;0;0;0;0;0;0
VelocityValue_66;WuekroSPS;FromPLC;"DB10,DW134";0;4;2;4;0;0;0;0;0;0;0;0;0;0;0;0;0;0;0;0;0;0;0;0;0;0;0;0;0
VelocityValue_67;WuekroSPS;FromPLC;"DB10,DW136";0;4;2;4;0;0;0;0;0;0;0;0;0;0;0;0;0;0;0;0;0;0;0;0;0;0;0;0;0
VelocityValue_68;WuekroSPS;FromPLC;"DB10,DW138";0;4;2;4;0;0;0;0;0;0;0;0;0;0;0;0;0;0;0;0;0;0;0;0;0;0;0;0;0
VelocityValue_69;WuekroSPS;FromPLC;"DB10,DW140";0;4;2;4;0;0;0;0;0;0;0;0;0;0;0;0;0;0;0;0;0;0;0;0;0;0;0;0;0
VelocityValue_70;WuekroSPS;FromPLC;"DB10,DW142";0;4;2;4;0;0;0;0;0;0;0;0;0;0;0;0;0;0;0;0;0;0;0;0;0;0;0;0;0
VelocityValue_71;WuekroSPS;FromPLC;"DB10,DW144";0;4;2;4;0;0;0;0;0;0;0;0;0;0;0;0;0;0;0;0;0;0;0;0;0;0;0;0;0
VelocityValue_72;WuekroSPS;FromPLC;"DB10,DW146";0;4;2;4;0;0;0;0;0;0;0;0;0;0;0;0;0;0;0;0;0;0;0;0;0;0;0;0;0
VelocityValue_73;WuekroSPS;FromPLC;"DB10,DW148";0;4;2;4;0;0;0;0;0;0;0;0;0;0;0;0;0;0;0;0;0;0;0;0;0;0;0;0;0
VelocityValue_74;WuekroSPS;FromPLC;"DB10,DW150";0;4;2;4;0;0;0;0;0;0;0;0;0;0;0;0;0;0;0;0;0;0;0;0;0;0;0;0;0
VelocityValue_75;WuekroSPS;FromPLC;"DB10,DW152";0;4;2;4;0;0;0;0;0;0;0;0;0;0;0;0;0;0;0;0;0;0;0;0;0;0;0;0;0
VelocityValue_76;WuekroSPS;FromPLC;"DB10,DW154";0;4;2;4;0;0;0;0;0;0;0;0;0;0;0;0;0;0;0;0;0;0;0;0;0;0;0;0;0
VelocityValue_77;WuekroSPS;FromPLC;"DB10,DW156";0;4;2;4;0;0;0;0;0;0;0;0;0;0;0;0;0;0;0;0;0;0;0;0;0;0;0;0;0
VelocityValue_78;WuekroSPS;FromPLC;"DB10,DW158";0;4;2;4;0;0;0;0;0;0;0;0;0;0;0;0;0;0;0;0;0;0;0;0;0;0;0;0;0
VelocityValue_79;WuekroSPS;FromPLC;"DB10,DW160";0;4;2;4;0;0;0;0;0;0;0;0;0;0;0;0;0;0;0;0;0;0;0;0;0;0;0;0;0
VelocityValue_80;WuekroSPS;FromPLC;"DB10,DW162";0;4;2;4;0;0;0;0;0;0;0;0;0;0;0;0;0;0;0;0;0;0;0;0;0;0;0;0;0
VelocityValue_81;WuekroSPS;FromPLC;"DB10,DW164";0;4;2;4;0;0;0;0;0;0;0;0;0;0;0;0;0;0;0;0;0;0;0;0;0;0;0;0;0
VelocityValue_82;WuekroSPS;FromPLC;"DB10,DW166";0;4;2;4;0;0;0;0;0;0;0;0;0;0;0;0;0;0;0;0;0;0;0;0;0;0;0;0;0
VelocityValue_83;WuekroSPS;FromPLC;"DB10,DW168";0;4;2;4;0;0;0;0;0;0;0;0;0;0;0;0;0;0;0;0;0;0;0;0;0;0;0;0;0
VelocityValue_84;WuekroSPS;FromPLC;"DB10,DW170";0;4;2;4;0;0;0;0;0;0;0;0;0;0;0;0;0;0;0;0;0;0;0;0;0;0;0;0;0
VelocityValue_85;WuekroSPS;FromPLC;"DB10,DW172";0;4;2;4;0;0;0;0;0;0;0;0;0;0;0;0;0;0;0;0;0;0;0;0;0;0;0;0;0
VelocityValue_86;WuekroSPS;FromPLC;"DB10,DW174";0;4;2;4;0;0;0;0;0;0;0;0;0;0;0;0;0;0;0;0;0;0;0;0;0;0;0;0;0
VelocityValue_87;WuekroSPS;FromPLC;"DB10,DW176";0;4;2;4;0;0;0;0;0;0;0;0;0;0;0;0;0;0;0;0;0;0;0;0;0;0;0;0;0
VelocityValue_88;WuekroSPS;FromPLC;"DB10,DW178";0;4;2;4;0;0;0;0;0;0;0;0;0;0;0;0;0;0;0;0;0;0;0;0;0;0;0;0;0
VelocityValue_89;WuekroSPS;FromPLC;"DB10,DW180";0;4;2;4;0;0;0;0;0;0;0;0;0;0;0;0;0;0;0;0;0;0;0;0;0;0;0;0;0
VelocityValue_90;WuekroSPS;FromPLC;"DB10,DW182";0;4;2;4;0;0;0;0;0;0;0;0;0;0;0;0;0;0;0;0;0;0;0;0;0;0;0;0;0
VelocityValue_91;WuekroSPS;FromPLC;"DB10,DW184";0;4;2;4;0;0;0;0;0;0;0;0;0;0;0;0;0;0;0;0;0;0;0;0;0;0;0;0;0
VelocityValue_92;WuekroSPS;FromPLC;"DB10,DW186";0;4;2;4;0;0;0;0;0;0;0;0;0;0;0;0;0;0;0;0;0;0;0;0;0;0;0;0;0
VelocityValue_93;WuekroSPS;FromPLC;"DB10,DW188";0;4;2;4;0;0;0;0;0;0;0;0;0;0;0;0;0;0;0;0;0;0;0;0;0;0;0;0;0
VelocityValue_94;WuekroSPS;FromPLC;"DB10,DW190";0;4;2;4;0;0;0;0;0;0;0;0;0;0;0;0;0;0;0;0;0;0;0;0;0;0;0;0;0
VelocityValue_95;WuekroSPS;FromPLC;"DB10,DW192";0;4;2;4;0;0;0;0;0;0;0;0;0;0;0;0;0;0;0;0;0;0;0;0;0;0;0;0;0
VelocityValue_96;WuekroSPS;FromPLC;"DB10,DW194";0;4;2;4;0;0;0;0;0;0;0;0;0;0;0;0;0;0;0;0;0;0;0;0;0;0;0;0;0
VelocityValue_97;WuekroSPS;FromPLC;"DB10,DW196";0;4;2;4;0;0;0;0;0;0;0;0;0;0;0;0;0;0;0;0;0;0;0;0;0;0;0;0;0
VelocityValue_98;WuekroSPS;FromPLC;"DB10,DW198";0;4;2;4;0;0;0;0;0;0;0;0;0;0;0;0;0;0;0;0;0;0;0;0;0;0;0;0;0
VelocityValue_99;WuekroSPS;FromPLC;"DB10,DW200";0;4;2;4;0;0;0;0;0;0;0;0;0;0;0;0;0;0;0;0;0;0;0;0;0;0;0;0;0
VelocityValue_100;WuekroSPS;FromPLC;"DB10,DW202";0;4;2;4;0;0;0;0;0;0;0;0;0;0;0;0;0;0;0;0;0;0;0;0;0;0;0;0;0
VelocityValue_101;WuekroSPS;FromPLC;"DB10,DW204";0;4;2;4;0;0;0;0;0;0;0;0;0;0;0;0;0;0;0;0;0;0;0;0;0;0;0;0;0
VelocityValue_102;WuekroSPS;FromPLC;"DB10,DW206";0;4;2;4;0;0;0;0;0;0;0;0;0;0;0;0;0;0;0;0;0;0;0;0;0;0;0;0;0
VelocityValue_103;WuekroSPS;FromPLC;"DB10,DW208";0;4;2;4;0;0;0;0;0;0;0;0;0;0;0;0;0;0;0;0;0;0;0;0;0;0;0;0;0
VelocityValue_104;WuekroSPS;FromPLC;"DB10,DW210";0;4;2;4;0;0;0;0;0;0;0;0;0;0;0;0;0;0;0;0;0;0;0;0;0;0;0;0;0
VelocityValue_105;WuekroSPS;FromPLC;"DB10,DW212";0;4;2;4;0;0;0;0;0;0;0;0;0;0;0;0;0;0;0;0;0;0;0;0;0;0;0;0;0
VelocityValue_106;WuekroSPS;FromPLC;"DB10,DW214";0;4;2;4;0;0;0;0;0;0;0;0;0;0;0;0;0;0;0;0;0;0;0;0;0;0;0;0;0
VelocityValue_107;WuekroSPS;FromPLC;"DB10,DW216";0;4;2;4;0;0;0;0;0;0;0;0;0;0;0;0;0;0;0;0;0;0;0;0;0;0;0;0;0
VelocityValue_108;WuekroSPS;FromPLC;"DB10,DW218";0;4;2;4;0;0;0;0;0;0;0;0;0;0;0;0;0;0;0;0;0;0;0;0;0;0;0;0;0
VelocityValue_109;WuekroSPS;FromPLC;"DB10,DW220";0;4;2;4;0;0;0;0;0;0;0;0;0;0;0;0;0;0;0;0;0;0;0;0;0;0;0;0;0
VelocityValue_110;WuekroSPS;FromPLC;"DB10,DW222";0;4;2;4;0;0;0;0;0;0;0;0;0;0;0;0;0;0;0;0;0;0;0;0;0;0;0;0;0
VelocityValue_111;WuekroSPS;FromPLC;"DB10,DW224";0;4;2;4;0;0;0;0;0;0;0;0;0;0;0;0;0;0;0;0;0;0;0;0;0;0;0;0;0
VelocityValue_112;WuekroSPS;FromPLC;"DB10,DW226";0;4;2;4;0;0;0;0;0;0;0;0;0;0;0;0;0;0;0;0;0;0;0;0;0;0;0;0;0
VelocityValue_113;WuekroSPS;FromPLC;"DB10,DW228";0;4;2;4;0;0;0;0;0;0;0;0;0;0;0;0;0;0;0;0;0;0;0;0;0;0;0;0;0
VelocityValue_114;WuekroSPS;FromPLC;"DB10,DW230";0;4;2;4;0;0;0;0;0;0;0;0;0;0;0;0;0;0;0;0;0;0;0;0;0;0;0;0;0
VelocityValue_115;WuekroSPS;FromPLC;"DB10,DW232";0;4;2;4;0;0;0;0;0;0;0;0;0;0;0;0;0;0;0;0;0;0;0;0;0;0;0;0;0
VelocityValue_116;WuekroSPS;FromPLC;"DB10,DW234";0;4;2;4;0;0;0;0;0;0;0;0;0;0;0;0;0;0;0;0;0;0;0;0;0;0;0;0;0
VelocityValue_117;WuekroSPS;FromPLC;"DB10,DW236";0;4;2;4;0;0;0;0;0;0;0;0;0;0;0;0;0;0;0;0;0;0;0;0;0;0;0;0;0
VelocityValue_118;WuekroSPS;FromPLC;"DB10,DW238";0;4;2;4;0;0;0;0;0;0;0;0;0;0;0;0;0;0;0;0;0;0;0;0;0;0;0;0;0
VelocityValue_119;WuekroSPS;FromPLC;"DB10,DW240";0;4;2;4;0;0;0;0;0;0;0;0;0;0;0;0;0;0;0;0;0;0;0;0;0;0;0;0;0
VelocityValue_120;WuekroSPS;FromPLC;"DB10,DW242";0;4;2;4;0;0;0;0;0;0;0;0;0;0;0;0;0;0;0;0;0;0;0;0;0;0;0;0;0
VelocityValue_121;WuekroSPS;FromPLC;"DB10,DW244";0;4;2;4;0;0;0;0;0;0;0;0;0;0;0;0;0;0;0;0;0;0;0;0;0;0;0;0;0
VelocityValue_122;WuekroSPS;FromPLC;"DB10,DW246";0;4;2;4;0;0;0;0;0;0;0;0;0;0;0;0;0;0;0;0;0;0;0;0;0;0;0;0;0
VelocityValue_123;WuekroSPS;FromPLC;"DB10,DW248";0;4;2;4;0;0;0;0;0;0;0;0;0;0;0;0;0;0;0;0;0;0;0;0;0;0;0;0;0
VelocityValue_124;WuekroSPS;FromPLC;"DB10,DW250";0;4;2;4;0;0;0;0;0;0;0;0;0;0;0;0;0;0;0;0;0;0;0;0;0;0;0;0;0
VelocityValue_125;WuekroSPS;FromPLC;"DB10,DW252";0;4;2;4;0;0;0;0;0;0;0;0;0;0;0;0;0;0;0;0;0;0;0;0;0;0;0;0;0
VelocityValue_126;WuekroSPS;FromPLC;"DB10,DW254";0;4;2;4;0;0;0;0;0;0;0;0;0;0;0;0;0;0;0;0;0;0;0;0;0;0;0;0;0
VelocityValue_127;WuekroSPS;FromPLC;"DB10,DW256";0;4;2;4;0;0;0;0;0;0;0;0;0;0;0;0;0;0;0;0;0;0;0;0;0;0;0;0;0
VelocityValue_128;WuekroSPS;FromPLC;"DB10,DW258";0;4;2;4;0;0;0;0;0;0;0;0;0;0;0;0;0;0;0;0;0;0;0;0;0;0;0;0;0
VelocityValue_129;WuekroSPS;FromPLC;"DB10,DW260";0;4;2;4;0;0;0;0;0;0;0;0;0;0;0;0;0;0;0;0;0;0;0;0;0;0;0;0;0
VelocityValue_130;WuekroSPS;FromPLC;"DB10,DW262";0;4;2;4;0;0;0;0;0;0;0;0;0;0;0;0;0;0;0;0;0;0;0;0;0;0;0;0;0
VelocityValue_131;WuekroSPS;FromPLC;"DB10,DW264";0;4;2;4;0;0;0;0;0;0;0;0;0;0;0;0;0;0;0;0;0;0;0;0;0;0;0;0;0
VelocityValue_132;WuekroSPS;FromPLC;"DB10,DW266";0;4;2;4;0;0;0;0;0;0;0;0;0;0;0;0;0;0;0;0;0;0;0;0;0;0;0;0;0
VelocityValue_133;WuekroSPS;FromPLC;"DB10,DW268";0;4;2;4;0;0;0;0;0;0;0;0;0;0;0;0;0;0;0;0;0;0;0;0;0;0;0;0;0
VelocityValue_134;WuekroSPS;FromPLC;"DB10,DW270";0;4;2;4;0;0;0;0;0;0;0;0;0;0;0;0;0;0;0;0;0;0;0;0;0;0;0;0;0
VelocityValue_135;WuekroSPS;FromPLC;"DB10,DW272";0;4;2;4;0;0;0;0;0;0;0;0;0;0;0;0;0;0;0;0;0;0;0;0;0;0;0;0;0
VelocityValue_136;WuekroSPS;FromPLC;"DB10,DW274";0;4;2;4;0;0;0;0;0;0;0;0;0;0;0;0;0;0;0;0;0;0;0;0;0;0;0;0;0
VelocityValue_137;WuekroSPS;FromPLC;"DB10,DW276";0;4;2;4;0;0;0;0;0;0;0;0;0;0;0;0;0;0;0;0;0;0;0;0;0;0;0;0;0
VelocityValue_138;WuekroSPS;FromPLC;"DB10,DW278";0;4;2;4;0;0;0;0;0;0;0;0;0;0;0;0;0;0;0;0;0;0;0;0;0;0;0;0;0
VelocityValue_139;WuekroSPS;FromPLC;"DB10,DW280";0;4;2;4;0;0;0;0;0;0;0;0;0;0;0;0;0;0;0;0;0;0;0;0;0;0;0;0;0
VelocityValue_140;WuekroSPS;FromPLC;"DB10,DW282";0;4;2;4;0;0;0;0;0;0;0;0;0;0;0;0;0;0;0;0;0;0;0;0;0;0;0;0;0
VelocityValue_141;WuekroSPS;FromPLC;"DB10,DW284";0;4;2;4;0;0;0;0;0;0;0;0;0;0;0;0;0;0;0;0;0;0;0;0;0;0;0;0;0
VelocityValue_142;WuekroSPS;FromPLC;"DB10,DW286";0;4;2;4;0;0;0;0;0;0;0;0;0;0;0;0;0;0;0;0;0;0;0;0;0;0;0;0;0
VelocityValue_143;WuekroSPS;FromPLC;"DB10,DW288";0;4;2;4;0;0;0;0;0;0;0;0;0;0;0;0;0;0;0;0;0;0;0;0;0;0;0;0;0
VelocityValue_144;WuekroSPS;FromPLC;"DB10,DW290";0;4;2;4;0;0;0;0;0;0;0;0;0;0;0;0;0;0;0;0;0;0;0;0;0;0;0;0;0
VelocityValue_145;WuekroSPS;FromPLC;"DB10,DW292";0;4;2;4;0;0;0;0;0;0;0;0;0;0;0;0;0;0;0;0;0;0;0;0;0;0;0;0;0
VelocityValue_146;WuekroSPS;FromPLC;"DB10,DW294";0;4;2;4;0;0;0;0;0;0;0;0;0;0;0;0;0;0;0;0;0;0;0;0;0;0;0;0;0
VelocityValue_147;WuekroSPS;FromPLC;"DB10,DW296";0;4;2;4;0;0;0;0;0;0;0;0;0;0;0;0;0;0;0;0;0;0;0;0;0;0;0;0;0
VelocityValue_148;WuekroSPS;FromPLC;"DB10,DW298";0;4;2;4;0;0;0;0;0;0;0;0;0;0;0;0;0;0;0;0;0;0;0;0;0;0;0;0;0
VelocityValue_149;WuekroSPS;FromPLC;"DB10,DW300";0;4;2;4;0;0;0;0;0;0;0;0;0;0;0;0;0;0;0;0;0;0;0;0;0;0;0;0;0
VelocityValue_150;WuekroSPS;FromPLC;"DB10,DW302";0;4;2;4;0;0;0;0;0;0;0;0;0;0;0;0;0;0;0;0;0;0;0;0;0;0;0;0;0
VelocityValue_151;WuekroSPS;FromPLC;"DB10,DW304";0;4;2;4;0;0;0;0;0;0;0;0;0;0;0;0;0;0;0;0;0;0;0;0;0;0;0;0;0
VelocityValue_152;WuekroSPS;FromPLC;"DB10,DW306";0;4;2;4;0;0;0;0;0;0;0;0;0;0;0;0;0;0;0;0;0;0;0;0;0;0;0;0;0
VelocityValue_153;WuekroSPS;FromPLC;"DB10,DW308";0;4;2;4;0;0;0;0;0;0;0;0;0;0;0;0;0;0;0;0;0;0;0;0;0;0;0;0;0
VelocityValue_154;WuekroSPS;FromPLC;"DB10,DW310";0;4;2;4;0;0;0;0;0;0;0;0;0;0;0;0;0;0;0;0;0;0;0;0;0;0;0;0;0
VelocityValue_155;WuekroSPS;FromPLC;"DB10,DW312";0;4;2;4;0;0;0;0;0;0;0;0;0;0;0;0;0;0;0;0;0;0;0;0;0;0;0;0;0
VelocityValue_156;WuekroSPS;FromPLC;"DB10,DW314";0;4;2;4;0;0;0;0;0;0;0;0;0;0;0;0;0;0;0;0;0;0;0;0;0;0;0;0;0
VelocityValue_157;WuekroSPS;FromPLC;"DB10,DW316";0;4;2;4;0;0;0;0;0;0;0;0;0;0;0;0;0;0;0;0;0;0;0;0;0;0;0;0;0
VelocityValue_158;WuekroSPS;FromPLC;"DB10,DW318";0;4;2;4;0;0;0;0;0;0;0;0;0;0;0;0;0;0;0;0;0;0;0;0;0;0;0;0;0
VelocityValue_159;WuekroSPS;FromPLC;"DB10,DW320";0;4;2;4;0;0;0;0;0;0;0;0;0;0;0;0;0;0;0;0;0;0;0;0;0;0;0;0;0
VelocityValue_160;WuekroSPS;FromPLC;"DB10,DW322";0;4;2;4;0;0;0;0;0;0;0;0;0;0;0;0;0;0;0;0;0;0;0;0;0;0;0;0;0
VelocityValue_161;WuekroSPS;FromPLC;"DB10,DW324";0;4;2;4;0;0;0;0;0;0;0;0;0;0;0;0;0;0;0;0;0;0;0;0;0;0;0;0;0
VelocityValue_162;WuekroSPS;FromPLC;"DB10,DW326";0;4;2;4;0;0;0;0;0;0;0;0;0;0;0;0;0;0;0;0;0;0;0;0;0;0;0;0;0
VelocityValue_163;WuekroSPS;FromPLC;"DB10,DW328";0;4;2;4;0;0;0;0;0;0;0;0;0;0;0;0;0;0;0;0;0;0;0;0;0;0;0;0;0
VelocityValue_164;WuekroSPS;FromPLC;"DB10,DW330";0;4;2;4;0;0;0;0;0;0;0;0;0;0;0;0;0;0;0;0;0;0;0;0;0;0;0;0;0
VelocityValue_165;WuekroSPS;FromPLC;"DB10,DW332";0;4;2;4;0;0;0;0;0;0;0;0;0;0;0;0;0;0;0;0;0;0;0;0;0;0;0;0;0
VelocityValue_166;WuekroSPS;FromPLC;"DB10,DW334";0;4;2;4;0;0;0;0;0;0;0;0;0;0;0;0;0;0;0;0;0;0;0;0;0;0;0;0;0
VelocityValue_167;WuekroSPS;FromPLC;"DB10,DW336";0;4;2;4;0;0;0;0;0;0;0;0;0;0;0;0;0;0;0;0;0;0;0;0;0;0;0;0;0
VelocityValue_168;WuekroSPS;FromPLC;"DB10,DW338";0;4;2;4;0;0;0;0;0;0;0;0;0;0;0;0;0;0;0;0;0;0;0;0;0;0;0;0;0
VelocityValue_169;WuekroSPS;FromPLC;"DB10,DW340";0;4;2;4;0;0;0;0;0;0;0;0;0;0;0;0;0;0;0;0;0;0;0;0;0;0;0;0;0
VelocityValue_170;WuekroSPS;FromPLC;"DB10,DW342";0;4;2;4;0;0;0;0;0;0;0;0;0;0;0;0;0;0;0;0;0;0;0;0;0;0;0;0;0
VelocityValue_171;WuekroSPS;FromPLC;"DB10,DW344";0;4;2;4;0;0;0;0;0;0;0;0;0;0;0;0;0;0;0;0;0;0;0;0;0;0;0;0;0
VelocityValue_172;WuekroSPS;FromPLC;"DB10,DW346";0;4;2;4;0;0;0;0;0;0;0;0;0;0;0;0;0;0;0;0;0;0;0;0;0;0;0;0;0
VelocityValue_173;WuekroSPS;FromPLC;"DB10,DW348";0;4;2;4;0;0;0;0;0;0;0;0;0;0;0;0;0;0;0;0;0;0;0;0;0;0;0;0;0
VelocityValue_174;WuekroSPS;FromPLC;"DB10,DW350";0;4;2;4;0;0;0;0;0;0;0;0;0;0;0;0;0;0;0;0;0;0;0;0;0;0;0;0;0
VelocityValue_175;WuekroSPS;FromPLC;"DB10,DW352";0;4;2;4;0;0;0;0;0;0;0;0;0;0;0;0;0;0;0;0;0;0;0;0;0;0;0;0;0
VelocityValue_176;WuekroSPS;FromPLC;"DB10,DW354";0;4;2;4;0;0;0;0;0;0;0;0;0;0;0;0;0;0;0;0;0;0;0;0;0;0;0;0;0
VelocityValue_177;WuekroSPS;FromPLC;"DB10,DW356";0;4;2;4;0;0;0;0;0;0;0;0;0;0;0;0;0;0;0;0;0;0;0;0;0;0;0;0;0
VelocityValue_178;WuekroSPS;FromPLC;"DB10,DW358";0;4;2;4;0;0;0;0;0;0;0;0;0;0;0;0;0;0;0;0;0;0;0;0;0;0;0;0;0
VelocityValue_179;WuekroSPS;FromPLC;"DB10,DW360";0;4;2;4;0;0;0;0;0;0;0;0;0;0;0;0;0;0;0;0;0;0;0;0;0;0;0;0;0
VelocityValue_180;WuekroSPS;FromPLC;"DB10,DW362";0;4;2;4;0;0;0;0;0;0;0;0;0;0;0;0;0;0;0;0;0;0;0;0;0;0;0;0;0
VelocityValue_181;WuekroSPS;FromPLC;"DB10,DW364";0;4;2;4;0;0;0;0;0;0;0;0;0;0;0;0;0;0;0;0;0;0;0;0;0;0;0;0;0
VelocityValue_182;WuekroSPS;FromPLC;"DB10,DW366";0;4;2;4;0;0;0;0;0;0;0;0;0;0;0;0;0;0;0;0;0;0;0;0;0;0;0;0;0
VelocityValue_183;WuekroSPS;FromPLC;"DB10,DW368";0;4;2;4;0;0;0;0;0;0;0;0;0;0;0;0;0;0;0;0;0;0;0;0;0;0;0;0;0
VelocityValue_184;WuekroSPS;FromPLC;"DB10,DW370";0;4;2;4;0;0;0;0;0;0;0;0;0;0;0;0;0;0;0;0;0;0;0;0;0;0;0;0;0
VelocityValue_185;WuekroSPS;FromPLC;"DB10,DW372";0;4;2;4;0;0;0;0;0;0;0;0;0;0;0;0;0;0;0;0;0;0;0;0;0;0;0;0;0
VelocityValue_186;WuekroSPS;FromPLC;"DB10,DW374";0;4;2;4;0;0;0;0;0;0;0;0;0;0;0;0;0;0;0;0;0;0;0;0;0;0;0;0;0
VelocityValue_187;WuekroSPS;FromPLC;"DB10,DW376";0;4;2;4;0;0;0;0;0;0;0;0;0;0;0;0;0;0;0;0;0;0;0;0;0;0;0;0;0
VelocityValue_188;WuekroSPS;FromPLC;"DB10,DW378";0;4;2;4;0;0;0;0;0;0;0;0;0;0;0;0;0;0;0;0;0;0;0;0;0;0;0;0;0
VelocityValue_189;WuekroSPS;FromPLC;"DB10,DW380";0;4;2;4;0;0;0;0;0;0;0;0;0;0;0;0;0;0;0;0;0;0;0;0;0;0;0;0;0
VelocityValue_190;WuekroSPS;FromPLC;"DB10,DW382";0;4;2;4;0;0;0;0;0;0;0;0;0;0;0;0;0;0;0;0;0;0;0;0;0;0;0;0;0
VelocityValue_191;WuekroSPS;FromPLC;"DB10,DW384";0;4;2;4;0;0;0;0;0;0;0;0;0;0;0;0;0;0;0;0;0;0;0;0;0;0;0;0;0
VelocityValue_192;WuekroSPS;FromPLC;"DB10,DW386";0;4;2;4;0;0;0;0;0;0;0;0;0;0;0;0;0;0;0;0;0;0;0;0;0;0;0;0;0
VelocityValue_193;WuekroSPS;FromPLC;"DB10,DW388";0;4;2;4;0;0;0;0;0;0;0;0;0;0;0;0;0;0;0;0;0;0;0;0;0;0;0;0;0
VelocityValue_194;WuekroSPS;FromPLC;"DB10,DW390";0;4;2;4;0;0;0;0;0;0;0;0;0;0;0;0;0;0;0;0;0;0;0;0;0;0;0;0;0
VelocityValue_195;WuekroSPS;FromPLC;"DB10,DW392";0;4;2;4;0;0;0;0;0;0;0;0;0;0;0;0;0;0;0;0;0;0;0;0;0;0;0;0;0
VelocityValue_196;WuekroSPS;FromPLC;"DB10,DW394";0;4;2;4;0;0;0;0;0;0;0;0;0;0;0;0;0;0;0;0;0;0;0;0;0;0;0;0;0
VelocityValue_197;WuekroSPS;FromPLC;"DB10,DW396";0;4;2;4;0;0;0;0;0;0;0;0;0;0;0;0;0;0;0;0;0;0;0;0;0;0;0;0;0
VelocityValue_198;WuekroSPS;FromPLC;"DB10,DW398";0;4;2;4;0;0;0;0;0;0;0;0;0;0;0;0;0;0;0;0;0;0;0;0;0;0;0;0;0
VelocityValue_199;WuekroSPS;FromPLC;"DB10,DW400";0;4;2;4;0;0;0;0;0;0;0;0;0;0;0;0;0;0;0;0;0;0;0;0;0;0;0;0;0
VelocityValue_200;WuekroSPS;FromPLC;"DB10,DW402";0;4;2;4;0;0;0;0;0;0;0;0;0;0;0;0;0;0;0;0;0;0;0;0;0;0;0;0;0
PLC_Alarm_001_008;WuekroSPS;FromPLC;"DB11,DBB0";0;3;1;4;0;0;0;0;0;0;0;0;0;0;0;0;0;0;0;0;0;0;0;0;0;0;0;0;0
PLC_Alarm_009_016;WuekroSPS;FromPLC;"DB11,DBB1";0;3;1;4;0;0;0;0;0;0;0;0;0;0;0;0;0;0;0;0;0;0;0;0;0;0;0;0;0
oReceiveWithIRQ;WuekroSPS;ToPLC;"DB10,D2.6";0;1;1;4;0;0;0;0;0;0;0;0;0;0;0;0;0;0;0;0;0;0;0;0;0;0;0;0;0
oAutoReset;WuekroSPS;ToPLC;"DB10,D2.5";0;1;1;4;0;0;0;0;0;0;0;0;0;0;0;0;0;0;0;0;0;0;0;0;0;0;0;0;0
oAckParity;WuekroSPS;ToPLC;"DB10,D3.0";0;1;1;4;0;0;0;0;0;0;0;0;0;0;0;0;0;0;0;0;0;0;0;0;0;0;0;0;0
DB10;WuekroSPS;FromPLC;"RAW_BSEND(DB10,DW4)";0;12;200;4;0;0;0;0;0;0;0;0;0;0;0;0;0;0;0;0;0;0;0;0;0;0;0;0;0
oTrendOpen;WuekroSPS;ToPLC;"DB10,D3.2";0;1;1;4;0;0;0;0;0;0;0;0;0;0;0;0;0;0;0;0;0;0;0;0;0;0;0;0;0
iV_Value;WuekroSPS;FromPLC;"MW140";0;4;2;4;0;0;0;0;0;0;0;0;0;0;0;0;0;0;0;0;0;0;0;0;0;0;0;0;0
it_Value;WuekroSPS;FromPLC;"MW142";0;4;2;4;0;0;0;0;0;0;0;0;0;0;0;0;0;0;0;0;0;0;0;0;0;0;0;0;0
tempTest;*;*;*;0;1;1;2;0;0;0;0;0;0;0;0;0;0;0;0;0;0;0;0;0;0;0;0;0;0;0;0;0
tmpStaDiagr;*;*;*;0;1;1;2;0;0;0;0;0;0;0;0;0;0;0;0;0;0;0;0;0;0;0;0;0;0;0;0;0
